{"existing_tags": {"surface": {"count": 23197, "length": 547874.588279435, "count_pct": 45.613103665250904, "length_pct": 42.744422655243994}, "width": {"count": 4956, "length": 96962.8295566369, "count_pct": 9.745162812647475, "length_pct": 7.564906745233771}, "speedlimit": {"count": 25311, "length": 684310.8570945895, "count_pct": 49.76993865030675, "length_pct": 53.388992899054955}, "lit": {"count": 39200, "length": 1006993.9523170015, "count_pct": 77.08038382885009, "length_pct": 78.56428465552216}}, "incompatible_tags_results": {"bicycle_infrastructure/bicycle": [15049, 21379]}, "incompatible_tags_count": 2, "network_density": {"edge_density_m_sqkm": 5852.305771824648, "node_density_count_sqkm": 27.15221571314688, "dangling_node_density_count_sqkm": 9.995323266585848, "protected_density_m_sqkm": 5296.403562109178, "unprotected_density_m_sqkm": 503.06669709324564, "mixed_density_m_sqkm": 52.83551262222436}, "count_intersection_issues": 1.0, "count_overshoots": 9, "count_undershoots": 14, "dangling_node_count": 1813, "simplification_outcome": {"edge_percent_diff": 88.84300770803839, "node_percent_diff": 84.302288519156}, "component_analysis": {"component_count": 348, "largest_cc_pct_size": 92.34103545101581, "largest_cc_length": 750584.8849221444, "count_component_gaps": 87}}