{"existing_tags": {"surface": {"count": 22910, "length": 542645.4166594484, "count_pct": 45.23109119267142, "length_pct": 42.44054594388976}, "width": {"count": 4834, "length": 95245.82341995493, "count_pct": 9.543740498706837, "length_pct": 7.449219362623037}, "speedlimit": {"count": 25414, "length": 687446.8527983532, "count_pct": 50.17472507946537, "length_pct": 53.76553241668836}, "lit": {"count": 39066, "length": 1004676.220237399, "count_pct": 77.12779609484511, "length_pct": 78.57618616997937}}, "incompatible_tags_results": {"bicycle_infrastructure/bicycle": [15059, 21372]}, "incompatible_tags_count": 2, "network_density": {"edge_density_m_sqkm": 5840.73819021788, "node_density_count_sqkm": 27.058492328959368, "dangling_node_density_count_sqkm": 10.000836406832171, "protected_density_m_sqkm": 5292.384027913409, "unprotected_density_m_sqkm": 496.3085917755424, "mixed_density_m_sqkm": 52.0455705289281}, "count_intersection_issues": 1.0, "count_overshoots": 9, "count_undershoots": 13, "dangling_node_count": 1814, "simplification_outcome": {"edge_percent_diff": 88.83536356636591, "node_percent_diff": 84.2818254603683}, "component_analysis": {"component_count": 353, "largest_cc_pct_size": 92.3597594762069, "largest_cc_length": 747881.7654240871, "count_component_gaps": 88}}