{"existing_tags": {"surface": {"count": 22870, "length": 541671.9016736596, "count_pct": 45.211030938025104, "length_pct": 42.38375512365937}, "width": {"count": 4832, "length": 94964.55572087213, "count_pct": 9.55223880597015, "length_pct": 7.430613370684787}, "speedlimit": {"count": 25377, "length": 687751.2610823365, "count_pct": 50.16704556686765, "length_pct": 53.813906436046466}, "lit": {"count": 38987, "length": 1003789.6884578716, "count_pct": 77.07225462093506, "length_pct": 78.54270494703346}}, "incompatible_tags_results": {"bicycle_infrastructure/bicycle": [15047, 21342]}, "incompatible_tags_count": 2, "network_density": {"edge_density_m_sqkm": 5838.569487506625, "node_density_count_sqkm": 27.04746604846672, "dangling_node_density_count_sqkm": 9.995323266585848, "protected_density_m_sqkm": 5290.631524020813, "unprotected_density_m_sqkm": 496.28110758057556, "mixed_density_m_sqkm": 51.656855905236}, "count_intersection_issues": 1.0, "count_overshoots": 9, "count_undershoots": 13, "dangling_node_count": 1813, "simplification_outcome": {"edge_percent_diff": 88.82475042008501, "node_percent_diff": 84.26656404335834}, "component_analysis": {"component_count": 353, "largest_cc_pct_size": 92.33445481020463, "largest_cc_length": 747406.744617144, "count_component_gaps": 88}}