{"existing_tags": {"surface": {"count": 22826, "length": 539068.2559734115, "count_pct": 45.16333273975584, "length_pct": 42.20513613055771}, "width": {"count": 4819, "length": 94795.33451833205, "count_pct": 9.534833105795295, "length_pct": 7.421787414774606}, "speedlimit": {"count": 25373, "length": 688194.0170990084, "count_pct": 50.202805642943346, "length_pct": 53.8806020463049}, "lit": {"count": 38921, "length": 1002309.5939754716, "count_pct": 77.00876516095843, "length_pct": 78.47357433858116}}, "incompatible_tags_results": {"bicycle_infrastructure/bicycle": 2}, "incompatible_tags_count": 2, "network_density": {"edge_density": 5833.307144441853, "node_density": 5833.307144441853, "dangling_node_density": 9.97327070560055}, "count_intersection_issues": 1.0, "count_overshoots": 9, "count_undershoots": 13, "dangling_node_count": 1809, "simplification_outcome": {"edge_percent_diff": 88.82095724263469, "node_percent_diff": 84.25042562076386}, "component_analysis": {"component_count": 352, "largest_cc_pct_size": 92.32477059761635, "largest_cc_pct_length": 746091.9965987034, "count_adjacent_issues": 88}}