{"existing_tags": {"surface": 23011, "width": 4814, "speedlimit": 25350, "lit": 39029, "surface_pct": 45.38569258988975, "width_pct": 9.494881757756257, "speedlimit_pct": 49.999013826157274, "lit_pct": 76.9787578154277}, "incompatible_tags": {"cycling_infrastructure/bicycle": 2}, "network_density": {"edge_density": 5845.679498027259, "node_density": 5845.679498027259, "dangling_node_density": 9.984296986093199}, "count_intersection_issues": 1.0, "count_overshoots": 9, "count_undershoots": 13, "dangling_node_count": 1811, "simplification_outcome": {"edge_percent_diff": 88.82467801424035, "node_percent_diff": 84.25252363403301}, "component_analysis": {"component_count": 349, "largest_cc_pct_size": 92.48039773763439, "largest_cc_pct_length": 749424.9212980923, "count_adjacent_issues": 135}}