{"ref_infra_length_m": 626475.7351740324, "osm_infra_length_m": 1062825.519361053, "length_difference_osm_ref": 436349.7841870205, "pct_length_difference": 41.05563671912435, "osm_results": {"edge_density_m_sqkm": 5859.506145609883, "node_density_sqkm": 26.810401017874778, "dangling_node_density_sqkm": 9.851981620181416, "protected_density_m_sqkm": 5298.373603556442, "unprotected_density_m_sqkm": 507.1328739271043, "mixed_density_m_sqkm": 53.83173584976869, "alpha": 0.11367143298014608, "beta": 1.1546370553156489, "gamma": 0.38503737228279505, "simplified_edge_pct_diff": 88.79509897828864, "simplified_node_pct_diff": 84.2509229872401, "dangling_node_count": 1787, "count_overshoots": 7, "count_undershoots": 14, "component_count": 353, "largest_cc_pct_size": 92.3688936110306, "largest_cc_length_km": 746.0417625286849, "component_gaps": 133}, "ref_results": {"edge_density_m_sqkm": 3453.8485889335243, "node_density_sqkm": 22.74170351608749, "dangling_node_density_sqkm": 4.796432014302089, "protected_density_m_sqkm": 2998.80193632737, "unprotected_density_m_sqkm": 455.0466526061539, "mixed_density_m_sqkm": 0, "alpha": 0.09508793208004851, "beta": 1.1406060606060606, "gamma": 0.3803864499959576, "simplified_edge_pct_diff": 91.2187383351997, "simplified_node_pct_diff": 92.21698113207547, "dangling_node_count": 870, "count_overshoots": 21, "count_undershoots": 11, "component_count": 204, "largest_cc_pct_size": 80.04459363798027, "largest_cc_length_km": 501.4599564606041, "component_gaps": 83}}