{"osm_matched_count": 2571, "ref_matched_count": 4306, "osm_matched_length": 420908.9725184916, "ref_matched_length": 601894.5507143427}