{"existing_tags": {"surface": 22535, "width": 4570, "speedlimit": 25249, "lit": 38783, "surface_pct": 44.96926883780332, "width_pct": 9.119572158365262, "speedlimit_pct": 50.385137292464876, "lit_pct": 77.3926404853129}, "incompatible_tags": {"cycling_infrastructure/bicycle": 2}, "network_density": {"edge_density": 5859.506145609883, "node_density": 5859.506145609883, "danling_node_density": 9.851981620181416}, "count_intersection_issues": 1.0, "count_overshoots": 7, "count_undershoots": 14, "dangling_node_cout": 1787, "simplification_outcome": {"edge_percent_diff": 88.79509897828864, "node_percent_diff": 84.2509229872401}, "component_analysis": {"component_count": 353, "largest_cc_pct_size": 92.3688936110306, "largest_cc_pct_length": 746041.7625286849, "count_adjacent_issues": 133}}