{"network_density": {"edge_density": 3453.8485889335243, "node_density": 3453.8485889335243, "dangling_node_density": 4.796432014302089}, "count_overshoots": 21, "count_undershoots": 11, "dangling_node_count": 870, "simplification_outcome": {"edge_percent_diff": 91.2187383351997, "node_percent_diff": 92.21698113207547}, "component_analysis": {"component_count": 204, "largest_cc_pct_size": 80.04459363798027, "largest_cc_pct_length": 501459.9564606041, "count_adjacent_issues": 83}}