{"osm_matched_count": 2863, "osm_matched_count_pct": 50.645674862904656, "ref_matched_count": 4309, "ref_matched_count_pct": 91.58342189160467, "osm_matched_length": 437192.3789570152, "osm_matched_length_pct": 54.01064447023505, "ref_matched_length": 602293.2012541953, "ref_matched_length_pct": 96.13990892829723, "protection_level_identical": 2307, "protection_level_differs": 533, "osm_pct_matched_local_min": 5.0, "osm_pct_matched_local_max": 100.0, "osm_pct_matched_local_mean": 59.82017871772607, "ref_pct_matched_local_min": 12.5, "ref_pct_matched_local_max": 100.0, "ref_pct_matched_local_mean": 94.89753406840958}