{"osm_matched_count": 2902, "osm_matched_count_pct": 51.31741821396994, "ref_matched_count": 4309, "ref_matched_count_pct": 91.58342189160467, "osm_matched_length": 431159.22929113597, "osm_matched_length_pct": 53.24606716503519, "ref_matched_length": 602293.2012541953, "ref_matched_length_pct": 96.13990892829723, "osm_pct_matched_local_min": 5.0, "osm_pct_matched_local_max": 100.0, "osm_pct_matched_local_mean": 58.01216341251135, "ref_pct_matched_local_min": 12.5, "ref_pct_matched_local_max": 100.0, "ref_pct_matched_local_mean": 94.89753406840958}