{"osm_matched_count": 2589, "osm_matched_count_pct": 45.62918575960522, "ref_matched_count": 4313, "ref_matched_count_pct": 91.66843783209352, "osm_matched_length": 422775.4019416213, "osm_matched_length_pct": 52.01212969077854, "ref_matched_length": 603168.0016480673, "ref_matched_length_pct": 96.27954728055185, "protection_level_identical": 2181, "protection_level_differs": 406, "osm_pct_matched_local_min": 4.0, "osm_pct_matched_local_max": 100.0, "osm_pct_matched_local_mean": 61.874570076923, "ref_pct_matched_local_min": 12.5, "ref_pct_matched_local_max": 100.0, "ref_pct_matched_local_mean": 95.02149547285879}