{"osm_matched_count": 2567, "ref_matched_count": 4309, "osm_matched_length": 421169.0498910756, "ref_matched_length": 602293.2012541953}