,OSM,Reference
Count of matched edges,2902.0,4309.0
Percent matched edges,51.31741821396994,91.58342189160467
Length of matched edges (km),431.15922929113594,602.2932012541953
Percent matched edges,53.24606716503519,96.13990892829723
Local min of % matched edges,5.0,12.5
Local max of % matched edges,100.0,100.0
Local average of % matched edges,58.01216341251135,94.89753406840958
