,OSM,Reference
Count of matched edges,2863.0,4309.0
Percent matched edges,50.645674862904656,91.58342189160467
Length of matched edges (meter),437192.3789570152,602293.2012541953
Percent matched edges (meter),54.01064447023505,96.13990892829723
Local min of % matched edges,0.0,0.0
Local max of % matched edges,100.0,100.0
Local average of % matched edges,51.46729057519451,93.32174475731053
