{"existing_tags": {"surface": 1116, "width": 648, "speedlimit": 16351, "lit": 23696, "surface_pct": 3.6403966597077244, "width_pct": 2.113778705636743, "speedlimit_pct": 53.337030271398746, "lit_pct": 77.2964509394572}, "incompatible_tags": {"cycling_infrastructure/bicycle": 4}, "network_density": {"edge_density": 5826.382894310755, "node_density": 5826.382894310755, "danling_node_density": 9.802363357964497}, "count_intersection_issues": 0, "snapping_issues": [[8188555700, 8188555702], [8188555701, 8188555703]], "dangling_node_cout": 1778, "simplification_outcome": {"edge_percent_diff": 82.70159185803759, "node_percent_diff": 84.76145899501856}, "component_analysis": {"component_count": 333, "largest_cc_pct_size": 92.33105297759437, "largest_cc_pct_length": 736673.2290000004, "count_adjacent_issues": 85}}