{"ref_infra_length_m": 623519.6643906126, "osm_infra_length_m": 1064627.2592697213, "length_difference_osm_ref": 441107.5948791087, "pct_length_difference": 41.43305471829507, "osm_results": {"node_count": 4725, "edge_count": 5479, "edge_density_m_sqkm": 5869.439390413771, "node_density_sqkm": 26.049587663882033, "dangling_node_density_sqkm": 9.840955339688769, "protected_density_m_sqkm": 5303.0867855455035, "unprotected_density_m_sqkm": 514.7802351691552, "mixed_density_m_sqkm": 51.404437422546195, "alpha": 0.0799364743250397, "beta": 1.1595767195767195, "gamma": 0.38668925118215824, "simplified_edge_pct_diff": 82.47897412938505, "simplified_node_pct_diff": 84.51682668676476, "edges_pr_km": 5.14640213492026, "nodes_pr_km": 4.438173040244247, "dangling_node_count": 1785, "count_overshoots": 6, "count_undershoots": 12, "component_count": 340, "largest_cc_pct_size": 92.70346331138037, "largest_cc_length_km": 748.6667680054924, "component_gaps": 98, "edge_component_ratio": 16.11470588235294}, "ref_results": {"node_count": 3655, "edge_count": 4208, "edge_density_m_sqkm": 3437.5513561264693, "node_density_sqkm": 20.150527600315097, "dangling_node_density_sqkm": 4.807458294794737, "protected_density_m_sqkm": 2996.634582585544, "unprotected_density_m_sqkm": 440.9167735409254, "alpha": 0.07583846680355921, "beta": 1.1512995896032832, "gamma": 0.3839766402043982, "simplified_edge_pct_diff": 60.18168054504164, "simplified_node_pct_diff": 63.5047428856715, "edges_pr_km": 6.748784746207843, "nodes_pr_km": 5.86188408920857, "dangling_node_count": 872, "count_overshoots": 21, "count_undershoots": 13, "component_count": 195, "largest_cc_pct_size": 80.39788034728656, "largest_cc_length_km": 501.2965937185684, "component_gaps": 81, "edge_component_ratio": 21.57948717948718}}