{"ref_infra_length_m": 626475.7351740324, "osm_infra_length_m": 1065063.4360526907, "length_difference_osm_ref": 438587.70087865833, "pct_length_difference": 41.1794909140943, "osm_results": {"edge_density_m_sqkm": 5871.844094190473, "node_density_sqkm": 26.132284767576895, "dangling_node_density_sqkm": 9.857494760427741, "protected_density_m_sqkm": 5309.661804653682, "unprotected_density_m_sqkm": 507.4644147379771, "mixed_density_m_sqkm": 54.549942522243484, "alpha": 0.08031662269129287, "beta": 1.160337552742616, "gamma": 0.38694245110454484, "simplified_edge_pct_diff": 89.02721251296784, "simplified_node_pct_diff": 84.64976197415719, "dangling_node_count": 1788, "count_overshoots": 7, "count_undershoots": 14}, "ref_results": {"edge_density_m_sqkm": 3453.8485889335243, "node_density_sqkm": 20.56952625903574, "dangling_node_density_sqkm": 4.807458294794737, "protected_density_m_sqkm": 2998.8019363273706, "unprotected_density_m_sqkm": 455.0466526061539, "mixed_density_m_sqkm": 0, "alpha": 0.0742926109695588, "beta": 1.148217636022514, "gamma": 0.3829444891391794, "simplified_edge_pct_diff": 59.46252838758517, "simplified_node_pct_diff": 62.74588117823265, "dangling_node_count": 872, "count_overshoots": 21, "count_undershoots": 13}}