{"ref_infra_length_m": 623519.6643906126, "osm_infra_length_m": 1066021.7643903007, "length_difference_osm_ref": 442502.0999996881, "pct_length_difference": 41.50966844966549, "osm_results": {"node_count": 4741, "edge_count": 5497, "edge_density_m_sqkm": 5877.127492717743, "node_density_sqkm": 26.13779790782322, "dangling_node_density_sqkm": 9.890573601905686, "protected_density_m_sqkm": 5304.315941976887, "unprotected_density_m_sqkm": 517.2897169586872, "mixed_density_m_sqkm": 55.353901505601975, "alpha": 0.07987759839611691, "beta": 1.1594600295296351, "gamma": 0.3866497854681016, "simplified_edge_pct_diff": 82.61598304923943, "simplified_node_pct_diff": 84.63955937145634, "edges_pr_km": 5.156555132008912, "nodes_pr_km": 4.447376365445561, "dangling_node_count": 1794, "count_overshoots": 6, "count_undershoots": 14, "component_count": 351, "largest_cc_pct_size": 92.52663368555935, "largest_cc_length_km": 747.7428670532777, "component_gaps": 99, "edge_component_ratio": 15.660968660968662}, "ref_results": {"node_count": 3655, "edge_count": 4208, "edge_density_m_sqkm": 3437.5513561264693, "node_density_sqkm": 20.150527600315097, "dangling_node_density_sqkm": 4.807458294794737, "protected_density_m_sqkm": 2996.634582585544, "unprotected_density_m_sqkm": 440.9167735409254, "alpha": 0.07583846680355921, "beta": 1.1512995896032832, "gamma": 0.3839766402043982, "simplified_edge_pct_diff": 60.18168054504164, "simplified_node_pct_diff": 63.5047428856715, "edges_pr_km": 6.748784746207843, "nodes_pr_km": 5.86188408920857, "dangling_node_count": 872, "count_overshoots": 21, "count_undershoots": 13, "component_count": 195, "largest_cc_pct_size": 80.39788034728656, "largest_cc_length_km": 501.2965937185684, "component_gaps": 81, "edge_component_ratio": 21.57948717948718}}