{"ref_infra_length_m": 623519.6643906126, "osm_infra_length_m": 1061514.1869765618, "length_difference_osm_ref": 437994.52258594916, "pct_length_difference": 41.26129711308513, "osm_results": {"edge_density_m_sqkm": 5852.2765862646365, "node_density_sqkm": 26.055100804128358, "dangling_node_density_sqkm": 9.851981620181416, "protected_density_m_sqkm": 5291.505095440774, "unprotected_density_m_sqkm": 505.60478138607584, "mixed_density_m_sqkm": 54.99877716121868, "alpha": 0.07949613633957871, "beta": 1.1586965721540414, "gamma": 0.3863957098504093, "simplified_edge_pct_diff": 89.06156366106029, "simplified_node_pct_diff": 84.68269916380372, "edges_pr_km": 6.790968716766685, "nodes_pr_km": 5.860868910781474, "dangling_node_count": 1787, "count_overshoots": 7, "count_undershoots": 14, "component_count": 347, "largest_cc_pct_size": 92.48552823962616, "largest_cc_length_km": 745.7709993417891, "component_gaps": 133, "edge_component_ratio": 15.780979827089338}, "ref_results": {"edge_density_m_sqkm": 3437.5513561264693, "node_density_sqkm": 20.150527600315097, "dangling_node_density_sqkm": 4.807458294794737, "protected_density_m_sqkm": 2996.634582585544, "unprotected_density_m_sqkm": 440.9167735409254, "mixed_density_m_sqkm": 0, "alpha": 0.07583846680355921, "beta": 1.1512995896032832, "gamma": 0.3839766402043982, "simplified_edge_pct_diff": 60.18168054504164, "simplified_node_pct_diff": 63.5047428856715, "edges_pr_km": 6.748784746207843, "nodes_pr_km": 5.86188408920857, "dangling_node_count": 872, "count_overshoots": 21, "count_undershoots": 13, "component_count": 195, "largest_cc_pct_size": 80.39788034728656, "largest_cc_length_km": 501.2965937185684, "component_gaps": 92}}