{"osm_matched_count": 2725, "ref_matched_count": 3918, "osm_matched_length": 431396.1468589882, "ref_matched_length": 600673.8006761717}