{"osm_matched_count": 2466, "ref_matched_count": 3917, "osm_matched_length": 420569.8163480554, "ref_matched_length": 600577.708037924}