{"osm_matched_count": 2474, "ref_matched_count": 3918, "osm_matched_length": 420613.99615775875, "ref_matched_length": 600673.8006761717}