{"osm_matched_count": 2488, "ref_matched_count": 3917, "osm_matched_length": 420183.21573069814, "ref_matched_length": 600311.9146896063}