{"osm_matched_count": 2716, "ref_matched_count": 4501, "osm_matched_length": 435481.1447193232, "ref_matched_length": 602115.8813955906}