{"existing_tags": {"surface": 22416, "width": 4464, "speedlimit": 25200, "lit": 38687, "surface_pct": 44.73626439419642, "width_pct": 8.908934879358174, "speedlimit_pct": 50.292374318957435, "lit_pct": 77.20877322529786}, "incompatible_tags": {"cycling_infrastructure/bicycle": 2}, "network_density": {"edge_density": 5871.331093919436, "node_density": 5871.331093919436, "danling_node_density": 9.868521040920388}, "count_intersection_issues": 2, "count_overshoots": 7, "count_undershoots": 14, "dangling_node_cout": 1790, "simplification_outcome": {"edge_percent_diff": 89.02548546111322, "node_percent_diff": 84.65075612836371}, "component_analysis": {"component_count": 346, "largest_cc_pct_size": 92.62543260955938, "largest_cc_pct_length": 748411.0771375423, "count_adjacent_issues": 124}}