{"existing_tags": {"surface": 22488, "width": 4570, "speedlimit": 25246, "lit": 38781, "surface_pct": 44.92029882945148, "width_pct": 9.128680436259039, "speedlimit_pct": 50.429467460349166, "lit_pct": 77.46594223163278}, "incompatible_tags": {"cycling_infrastructure/bicycle": 2}, "network_density": {"edge_density": 5852.2765862646365, "node_density": 5852.2765862646365, "dangling_node_density": 9.851981620181416}, "count_intersection_issues": 1.0, "count_overshoots": 7, "count_undershoots": 14, "dangling_node_cout": 1787, "simplification_outcome": {"edge_percent_diff": 89.06156366106029, "node_percent_diff": 84.68269916380372}, "component_analysis": {"component_count": 347, "largest_cc_pct_size": 92.48552823962616, "largest_cc_pct_length": 745770.999341789, "count_adjacent_issues": 133}}