{"existing_tags": {"surface": 13658, "width": 2958, "speedlimit": 16746, "lit": 25138, "surface_pct": 43.03901178546669, "width_pct": 9.321232747211193, "speedlimit_pct": 52.76989979202118, "lit_pct": 79.21472237978193}, "incompatible_tags": {"cycling_infrastructure/bicycle": {"count": 1, "edge_ids": ["7287"]}}, "network_density": {"edge_density": 5882.087263631779, "node_density": 26.203955590779113, "dangling_node_density": 9.874034181166714}, "count_intersection_issues": 2, "count_overshoots": 7, "count_undershoots": 14, "dangling_node_cout": 1791, "simplification_outcome": [[1866593623, 4289336392, 0]], "component_analysis": {"component_count": 348, "largest_cc_pct_size": 92.58071903484841, "largest_cc_pct_length": 749856.0768610174, "count_adjacent_issues": 100}}