{"existing_tags": {"surface": 13459, "width": 2836, "speedlimit": 16742, "lit": 24913, "surface_pct": 42.56348629075614, "width_pct": 8.96872331678315, "speedlimit_pct": 52.945827140191646, "lit_pct": 78.78624964422377}, "incompatible_tags": {"cycling_infrastructure/bicycle": 1}, "network_density": {"edge_density": 5877.127492717743, "node_density": 5877.127492717743, "danling_node_density": 9.890573601905686}, "count_intersection_issues": 4, "count_overshoots": 6, "count_undershoots": 14, "dangling_node_cout": 1794, "simplification_outcome": {"edge_percent_diff": 82.61598304923943, "node_percent_diff": 84.63955937145634}, "component_analysis": {"component_count": 351, "largest_cc_pct_size": 92.52663368555935, "largest_cc_pct_length": 747742.8670532777, "count_adjacent_issues": 99}}