{"existing_tags": {"surface": 22673, "width": 4609, "speedlimit": 25300, "lit": 38894, "surface_pct": 45.18424041929891, "width_pct": 9.185117280137108, "speedlimit_pct": 50.41949819645668, "lit_pct": 77.51051236573069}, "incompatible_tags": {"cycling_infrastructure/bicycle": 2}, "network_density": {"edge_density": 5848.954012791625, "node_density": 5848.954012791625, "danling_node_density": 9.857494760427741}, "count_intersection_issues": 1.0, "count_overshoots": 7, "count_undershoots": 14, "dangling_node_cout": 1788, "simplification_outcome": {"edge_percent_diff": 88.80009565754598, "node_percent_diff": 84.25854037267081}, "component_analysis": {"component_count": 353, "largest_cc_pct_size": 92.36205965363708, "largest_cc_pct_length": 746339.1699075291, "count_adjacent_issues": 136}}