{"network_density": {"edge_density": 3453.8485889335243, "node_density": 3453.8485889335243, "danling_node_density": 4.807458294794737}, "count_overshoots": 21, "count_undershoots": 13, "dangling_node_cout": 872, "simplification_outcome": {"edge_percent_diff": 60.18168054504164, "node_percent_diff": 63.5047428856715}, "component_analysis": {"component_count": 195, "largest_cc_pct_size": 80.39788034728656, "largest_cc_pct_length": 501296.5937185684, "count_adjacent_issues": 92}}